0.02,1.7968306e-05
0.0224842,1.9407598e-05
0.025277,2.3577693e-05
0.0284166,2.2108755e-05
0.0319462,2.258862e-05
0.0359143,2.6383999e-05
0.0403752,2.8114801e-05
0.0453902,3.0947233e-05
0.0510281,3.1553251e-05
0.0573663,3.7300635e-05
0.0644918,3.8463364e-05
0.0725023,4.5714506e-05
0.0815079,4.461686e-05
0.091632,4.732305e-05
0.103014,5.4037866e-05
0.115809,5.6563574e-05
0.130194,5.596177e-05
0.146365,6.4931098e-05
0.164545,6.4445202e-05
0.184983,7.5678214e-05
0.20796,7.3452902e-05
0.23379,8.1622962e-05
0.262829,8.1306733e-05
0.295476,9.043977e-05
0.332177,9.9803317e-05
0.373436,0.00010270433
0.419821,9.7146465e-05
0.471967,9.6661838e-05
0.53059,0.00011002722
0.596494,0.00010467145
0.670585,0.00010595159
0.753878,0.00011554458
0.847517,0.00010578032
0.952788,0.00011809961
1.07113,0.00012021031
1.20418,0.00011422317
1.35375,0.00010911052
1.5219,0.00011306781
1.71093,0.00012344323
1.92345,0.00011550297
2.16236,0.00012187757
2.43095,0.00011472272
2.7329,0.00011515325
3.07235,0.0001155379
3.45397,0.00011517661
3.88298,0.00011621356
4.36529,0.00011947101
4.9075,0.00012155781
5.51706,0.0001135502
6.20234,0.00010903591
6.97273,0.00011061187
7.83881,0.00010910153
8.81247,0.00010318929
9.90707,0.00011439962
11.1376,0.00011003094
12.521,0.00012549989
14.0763,0.00011119277
15.8247,0.00010648492
17.7903,0.00011670419
20,0.0001143755
