0.02,0.8667968
0.0224842,0.86434343
0.025277,0.82365764
0.0284166,0.74191427
0.0319462,0.78279223
0.0359143,0.73273232
0.0403752,0.7704485
0.0453902,0.69630688
0.0510281,0.75434567
0.0573663,0.71585427
0.0644918,0.75287147
0.0725023,0.67127118
0.0815079,0.64808377
0.091632,0.58300912
0.103014,0.54311206
0.115809,0.57068435
0.130194,0.49590549
0.146365,0.46909932
0.164545,0.42463736
0.184983,0.39492658
0.20796,0.30972595
0.23379,0.27328355
0.262829,0.26865234
0.295476,0.25156458
0.332177,0.16895165
0.373436,0.14789335
0.419821,0.12435145
0.471967,0.093132688
0.53059,0.071171907
0.596494,0.051629744
0.670585,0.038858242
0.753878,0.024843003
0.847517,0.015988383
0.952788,0.0085288508
1.07113,0.0054300546
1.20418,0.0030966641
1.35375,0.0014588922
1.5219,0.00063561803
1.71093,0.00025191647
1.92345,0.00010295624
2.16236,3.4037566e-05
2.43095,8.7140362e-06
2.7329,1.8640544e-06
3.07235,6.5315647e-07
3.45397,3.2048512e-07
3.88298,2.45806e-07
4.36529,2.3953582e-07
4.9075,2.1752962e-07
5.51706,2.2527083e-07
6.20234,2.4395255e-07
6.97273,2.1849525e-07
7.83881,2.2673448e-07
8.81247,2.3527618e-07
9.90707,2.2012135e-07
11.1376,2.1011277e-07
12.521,2.3057552e-07
14.0763,2.3814865e-07
15.8247,2.0748086e-07
17.7903,2.2356924e-07
20,2.215786e-07
