0,5000
1,4970.72658475432
2,4966.59706284709
3,4998.04120706643
4,5029.40349044379
5,5016.27777009786
6,4956.43007211607
7,4856.38603794499
8,4798.63237290244
9,4788.53758428869
10,4800.10198164308
11,4856.84764630808
12,4894.56491767568
13,4891.35201253289
14,4857.20562161921
15,4811.19784375021
16,4765.40433396475
17,4728.81582706167
18,4697.44596906512
19,4657.00089683751
20,4657.35496106984
21,4665.69980046067
22,4696.90378820576
23,4681.26558236187
24,4669.55571193979
25,4675.53321933384
26,4688.76623552649
27,4670.75300344543
28,4691.06865607439
29,4691.7116305121
30,4661.70014600843
31,4614.81415085909
32,4621.52826874263
33,4626.25798952082
34,4664.06841322687
35,4695.93697834775
36,4714.74233964818
37,4688.71690956303
38,4619.65604400128
39,4602.13022896064
40,4634.90835831144
41,4672.6092029245
42,4724.13760402206
43,4728.45347974203
44,4768.88234323513
45,4829.41229759224
46,4863.20091610393
47,4875.10514582819
48,4930.9456935641
49,4947.56632990423
50,4937.79801798796
51,4930.7531299888
52,4882.15506793072
53,4875.73270330701
54,4908.36063831713
55,4889.3039256539
56,4886.23974457128
57,4844.31018257687
58,4851.03150839618
59,4864.33605303989
60,4872.80636026852
61,4898.48418065316
62,4923.96539771123
63,4967.11804157438
64,4984.31753774597
65,4983.41521154582
66,4983.68852075391
67,4991.8480940251
68,5035.19674324822
69,5029.16238586696
70,5012.38582455012
71,4969.05342364058
72,4948.69554082203
73,4910.53785114919
74,4916.96239403071
75,4918.72146194605
76,4908.57655602119
77,4875.93524256733
78,4853.87020349828
79,4860.66638827393
80,4856.84190944032
81,4873.05869153878
82,4893.73987390028
83,4865.09566242838
84,4872.18627373209
85,4842.15695193971
86,4775.38975832922
87,4708.9739892399
88,4664.52424287483
89,4602.99754081383
90,4556.45944068982
91,4476.17850260239
92,4398.06541373244
93,4372.01123125637
94,4321.50559114319
95,4282.85685912874
96,4245.20516478796
97,4166.73331495124
98,4074.16657303519
99,3969.31763754126
100,3911.67555198657
101,3840.63522075112
102,3815.46239657114
103,3819.62792106855
104,3840.71133645583
105,3826.52845943002
106,3767.30599331402
107,3734.80512234397
108,3723.71792008962
109,3698.40475838555
110,3707.02340369578
111,3699.01916298184
112,3642.38307254455
113,3615.20658577126
114,3560.28396623067
115,3549.48184713195
116,3588.0185090521
117,3623.22898902628
118,3645.04359183526
119,3714.24841046083
120,3728.84555832132
121,3760.66289774916
122,3828.99619299822
123,3869.83725444787
124,3861.55951196128
125,3899.45952441552
126,3924.29439473476
127,3952.81804556198
128,3936.6408592704
129,3947.06426236249
130,4003.57788261911
131,4078.03216326373
132,4125.62734561274
133,4143.3288696963
134,4156.8365076149
135,4216.42248715024
136,4230.62455426154
137,4278.33969877965
138,4292.74694912126
139,4258.3855292365
140,4258.42975756333
141,4286.82401085924
142,4345.43229881682
143,4426.60644560744
144,4480.20367035453
145,4518.7849330495
146,4594.57083771616
147,4708.05556436515
148,4765.90386764925
149,4835.66378934904
150,4931.4817523824
151,5017.24252539752
152,5079.93735979521
153,5116.66859553339
154,5145.42726624675
155,5134.56658159131
156,5115.05453507937
157,5092.23780204041
158,5063.99577153257
159,5086.98157139515
160,5075.44579447093
161,5039.99535658886
162,5043.33114603699
163,5077.58167997614
164,5132.68775559195
165,5144.90441438608
166,5191.29600545539
167,5242.74649926476
168,5251.84109563871
169,5271.96472323023
170,5302.16059268687
171,5359.06275481029
172,5442.80927166005
173,5521.48522843497
174,5640.48686856264
175,5789.25947307783
176,5965.13003501546
177,6117.97779422146
178,6258.79477597365
179,6374.3094868733
180,6506.10907539755
181,6595.57892433725
182,6652.86528163348
183,6747.58678870267
184,6838.39743959905
185,6885.13512393937
186,6957.16172536719
187,7032.18490826643
188,7065.39202467145
189,7100.19963114423
190,7107.66640110288
191,7154.39402933626
192,7151.58253853092
193,7176.5442183082
194,7223.4313027296
195,7231.36970076321
196,7240.29272096295
197,7252.81745764169
198,7223.96500833164
199,7201.19968822158
200,7189.65282609679
201,7180.3586325108
202,7150.81534070228
203,7160.25686910943
204,7135.50670066851
205,7101.53998586836
206,7041.41533469234
207,6953.52027813864
208,6841.93787489094
209,6775.00457184351
210,6694.55695236494
211,6634.64680014781
212,6617.25897080296
213,6554.06273819906
214,6507.14845578381
215,6450.67152086879
216,6361.01174761641
217,6308.66811792835
218,6309.78945804102
219,6356.24264764143
220,6386.46016079538
221,6371.26428228828
222,6313.44987628499
223,6258.65222238515
224,6254.01348334643
225,6205.27355218268
226,6196.97930617627
227,6149.47663112772
228,6102.64045363994
229,6100.00150267946
230,6125.30168481486
231,6135.96116861583
232,6133.61284168144
233,6125.15909735139
234,6102.85059869446
235,6088.45580316804
236,6088.84715104765
237,6041.85014079212
238,6012.77728148562
239,5937.09801780167
240,5880.70473701911
241,5860.78544693758
242,5857.98822633302
243,5836.04327143948
244,5847.21586011189
245,5818.85011438916
246,5745.61763165167
247,5661.08427419525
248,5624.58502246034
249,5588.35199596956
250,5524.39172796766
251,5435.86075045896
252,5306.58924855554
253,5221.15285860498
254,5145.09072633258
255,5032.95701564953
256,4903.88387675956
257,4790.19162705712
258,4682.20371577454
259,4605.76680939999
260,4512.77495089388
261,4466.0778660375
262,4452.6695614151
263,4476.56287952905
264,4489.84002842075
265,4488.77120638487
266,4464.80177751598
267,4408.19981218778
268,4360.39227354225
269,4293.03825423317
270,4251.47048416966
271,4214.62615209151
272,4215.01225756297
273,4222.10025382031
274,4235.71478367641
275,4251.90461397361
276,4285.21157791645
277,4348.9306761411
278,4450.9487799128
279,4563.46696583837
280,4673.0205412428
281,4803.16405420941
282,4957.77443778215
283,5104.96708995625
284,5270.67812882326
285,5408.4423683763
286,5561.05858044833
287,5731.50767235223
288,5857.14825729908
289,5983.70425140399
290,6121.00479699536
291,6249.84657499986
292,6336.22855116946
293,6456.62741140882
294,6538.39019791848
295,6575.97927075851
296,6648.55477250048
297,6693.95558497488
298,6704.23955186411
299,6741.38565416224
300,6794.50883130201
301,6879.60943580168
302,6943.53470515406
303,7024.68075863016
304,7083.03909933086
305,7135.35808202229
306,7132.7970897802
307,7137.14542760647
308,7154.89289265559
309,7135.36662653071
310,7100.36225039395
311,7063.54893578258
312,7027.68245331061
313,6958.06656274588
314,6927.6543483458
315,6893.42493591102
316,6865.40985050218
317,6831.48667003929
318,6782.03746037508
319,6785.4739704949
320,6813.07895784091
321,6875.68095355892
322,6913.41315800516
323,6897.74733135742
324,6866.3012321514
325,6813.90287596833
326,6755.95149654904
327,6683.90280933094
328,6575.49318523454
329,6439.61883987394
330,6286.52142425279
331,6181.22356640693
332,6060.17612547989
333,5935.19183441029
334,5872.23152317724
335,5792.54009304357
336,5729.62769932806
337,5643.96185500118
338,5588.20139429742
339,5533.26849254677
340,5505.37850726218
341,5488.22390547277
342,5514.24806240334
343,5558.84092433606
344,5565.85571741496
345,5620.88787735707
346,5657.71487700604
347,5658.03106661009
348,5680.57790221029
349,5747.49512834742
350,5814.8087667962
351,5849.73899116137
352,5910.57314137303
353,5964.9640460024
354,6015.17803673511
355,6078.99255373174
356,6146.39965220548
357,6196.23043361911
358,6239.19889251113
359,6317.32607776157
360,6436.55187975635
361,6497.87987136444
362,6568.85322037974
363,6682.58858586604
364,6786.13572380608
365,6863.57021491297
