2,2.1593535
5.04202,2.22689
8.08403,2.115277
11.1261,2.179331
14.1681,2.2305849
17.2101,2.2087328
20.2521,2.0456477
23.2941,2.2079894
26.3361,2.1273868
29.3782,2.0001455
32.4202,2.1053837
35.4622,2.034132
38.5042,1.9932405
41.5462,1.9648633
44.5882,1.9874545
47.6303,2.0229663
50.6723,2.1016554
53.7143,1.8861751
56.7563,1.697802
59.7983,1.7661695
62.8403,1.8882815
65.8824,1.7484336
68.9244,1.7899221
71.9664,1.6374264
75.0084,1.5960123
78.0504,1.4515
81.0924,1.4681539
84.1345,1.5858357
87.1765,1.4363046
90.2185,1.3384261
93.2605,1.2937438
96.3025,1.1867247
99.3445,1.1291656
102.387,1.1106441
105.429,1.0104459
108.471,1.1106041
111.513,0.86970267
114.555,0.93856476
117.597,0.90838089
120.639,0.90797994
123.681,0.93177032
126.723,0.87389686
129.765,0.90606382
132.807,0.84402354
135.849,0.84958129
138.891,0.81924074
141.933,0.86184465
144.975,0.85519366
148.017,0.92928458
151.059,0.86327681
154.101,0.96120947
157.143,0.83985418
160.185,0.85533155
163.227,0.8761408
166.269,0.83682044
169.311,0.84313542
172.353,0.82212169
175.395,0.9212003
178.437,0.96605347
181.479,1.1485964
184.521,1.1491201
187.563,1.101091
190.605,1.2156188
193.647,1.1199102
196.689,1.0699039
199.731,1.1163459
202.773,1.0453343
205.815,1.0471787
208.857,1.041528
211.899,1.1204638
214.941,1.058463
217.983,1.0410772
221.025,1.07182
224.067,1.1922118
227.109,1.0217907
230.151,1.1675874
233.193,1.0785168
236.235,1.2165652
239.277,1.1513529
242.319,1.1960534
245.361,1.1813334
248.403,1.2965792
251.445,1.1438864
254.487,1.2363022
257.529,1.1504328
260.571,1.0977915
263.613,1.2055594
266.655,1.3594928
269.697,1.284041
272.739,1.2236575
275.782,1.3604689
278.824,1.3377577
281.866,1.4951133
284.908,1.6613893
287.95,1.7111505
290.992,1.7520549
294.034,1.9241745
297.076,1.9654814
300.118,2.1227049
303.16,2.1985659
306.202,2.1400071
309.244,2.1886927
312.286,2.5316517
315.328,2.2756998
318.37,2.0629421
321.412,2.3018872
324.454,2.7319544
327.496,2.4541333
330.538,2.2614009
333.58,2.3390179
336.622,2.2461662
339.664,2.2373444
342.706,2.0943609
345.748,2.3536306
348.79,2.2961243
351.832,2.1969828
354.874,2.4011332
357.916,2.5243696
360.958,2.3661265
364,2.6399758
