2,1.5145521
5.04202,1.515922
8.08403,1.5218873
11.1261,1.5176433
14.1681,1.519908
17.2101,1.5120673
20.2521,1.513726
23.2941,1.515032
26.3361,1.512185
29.3782,1.5185838
32.4202,1.5185131
35.4622,1.5194878
38.5042,1.5243959
41.5462,1.5222026
44.5882,1.5112241
47.6303,1.5178141
50.6723,1.519147
53.7143,1.5102672
56.7563,1.5145979
59.7983,1.5276788
62.8403,1.5064641
65.8824,1.5140217
68.9244,1.5179659
71.9664,1.5227791
75.0084,1.5262481
78.0504,1.521267
81.0924,1.5112443
84.1345,1.511278
87.1765,1.5086709
90.2185,1.5234523
93.2605,1.5144233
96.3025,1.5041942
99.3445,1.5204227
102.387,1.5122043
105.429,1.5178801
108.471,1.5070221
111.513,1.5024606
114.555,1.5102807
117.597,1.5081489
120.639,1.5128575
123.681,1.5161703
126.723,1.5067261
129.765,1.5141585
132.807,1.510119
135.849,1.5055813
138.891,1.5186662
141.933,1.5179813
144.975,1.5200747
148.017,1.5134606
151.059,1.5196178
154.101,1.5195024
157.143,1.5117128
160.185,1.5120019
163.227,1.5239507
166.269,1.5218659
169.311,1.5198732
172.353,1.5252113
175.395,1.523307
178.437,1.5227131
181.479,1.528893
184.521,1.5347686
187.563,1.5316802
190.605,1.5349642
193.647,1.5349273
196.689,1.5390039
199.731,1.5266974
202.773,1.5316007
205.815,1.532581
208.857,1.5321773
211.899,1.5228218
214.941,1.5313901
217.983,1.5257224
221.025,1.5216753
224.067,1.5232524
227.109,1.5299947
230.151,1.5279685
233.193,1.5200185
236.235,1.5242623
239.277,1.5316884
242.319,1.523076
245.361,1.5233272
248.403,1.5225761
251.445,1.5232424
254.487,1.5206464
257.529,1.5181521
260.571,1.516431
263.613,1.5159381
266.655,1.510598
269.697,1.5104383
272.739,1.5171431
275.782,1.5093778
278.824,1.5169772
281.866,1.5115309
284.908,1.5199661
287.95,1.521802
290.992,1.5312058
294.034,1.528936
297.076,1.5306354
300.118,1.5262197
303.16,1.5335054
306.202,1.527857
309.244,1.5355733
312.286,1.5270708
315.328,1.5226552
318.37,1.5287477
321.412,1.5292438
324.454,1.5297934
327.496,1.5304975
330.538,1.5281839
333.58,1.5147894
336.622,1.5259151
339.664,1.5299326
342.706,1.5265552
345.748,1.5169189
348.79,1.5186182
351.832,1.5218325
354.874,1.5216935
357.916,1.5228894
360.958,1.522393
364,1.5343316
