0,5
1,5.00222241186326
2,5.00888898890443
3,5.01999775567286
4,5.03554542040122
5,5.05552737598088
6,5.07993770132718
7,5.1087691631339
8,5.14201321801666
9,5.17966001504454
10,5.22169839865909
11,5.26811591197999
12,5.31889880049627
13,5.37403201614208
14,5.43349922175575
15,5.49728279592084
16,5.56536383818777
17,5.63772217467441
18,5.71433636404404
19,5.79518370385887
20,5.88024023730729
21,5.96948076030278
22,6.06287882895239
23,6.16040676739269
24,6.26203567599069
25,6.36773543990746
26,6.47747473802174
27,6.59122105221115
28,6.70894067698793
29,6.83059872948668
30,6.95615915980084
31,7.08558476166508
32,7.21883718348036
33,7.35587693967826
34,7.49666342242145
35,7.64115491363669
36,7.78930859737673
37,7.94108057250768
38,8.09642586571779
39,8.25529844484406
40,8.41765123251254
41,8.58343612008838
42,8.75260398193147
43,8.9251046899534
44,9.10088712847152
45,9.27989920935559
46,9.46208788746265
47,9.64739917635542
48,9.83577816429967
49,10.0271690305357
50,10.2215150618193
51,10.4187586692271
52,10.6188414052213
53,10.8217039809691
54,11.0272862839113
55,11.2355273955745
56,11.4463656096232
57,11.6597384501443
58,11.8755826901603
59,12.0938343703644
60,12.3144288180736
61,12.5373006663923
62,12.7623838735817
63,12.98961174263
64,13.2189169410154
65,13.450231520659
66,13.6834869380587
67,13.9186140746
68,14.1555432570382
69,14.394204278143
70,14.6345264175031
71,14.8764384624822
72,15.1198687293203
73,15.3647450843758
74,15.6109949654998
75,15.858545403538
76,16.107323043953
77,16.357254168561
78,16.6082647173757
79,16.8602803105543
80,17.1132262704376
81,17.3670276436786
82,17.621609223453
83,17.8768955717444
84,18.1328110416982
85,18.3892798000376
86,18.6462258495344
87,18.9035730515288
88,19.161245148491
89,19.4191657866174
90,19.6772585384567
91,19.9354469255563
92,20.1936544411251
93,20.4518045727036
94,20.7098208248365
95,20.9676267417397
96,21.2251459299563
97,21.4823020809931
98,21.7390189939325
99,21.9952205980129
100,22.2508309751698
101,22.5057743825318
102,22.7599752748652
103,23.0133583269595
104,23.265848455948
105,23.5173708435561
106,23.7678509582723
107,24.0172145774326
108,24.2653878092151
109,24.512297114535
110,24.7578693288366
111,25.0020316837728
112,25.2447118287684
113,25.485837852459
114,25.7253383039999
115,25.9631422142383
116,26.1991791167436
117,26.4333790686873
118,26.6656726715692
119,26.8959910917816
120,27.1242660810057
121,27.3504299964359
122,27.5744158208228
123,27.7961571823327
124,28.0155883742147
125,28.2326443742708
126,28.4472608641238
127,28.6593742482759
128,28.8689216729537
129,29.0758410447327
130,29.2800710489375
131,29.4815511678102
132,29.6802216984433
133,29.8760237704707
134,30.068899363513
135,30.2587913243692
136,30.4456433839531
137,30.6294001739669
138,30.8100072433079
139,30.9874110742037
140,31.1615590980704
141,31.3323997110902
142,31.4998822895024
143,31.6639572046044
144,31.8245758374579
145,31.9816905932955
146,32.1352549156242
147,32.2852233000212
148,32.4315513076176
149,32.5741955782666
150,32.7131138433925
151,32.8482649385151
152,32.9796088154481
153,33.1071065541662
154,33.2307203743378
155,33.3504136465202
156,33.4661509030135
157,33.577897848371
158,33.6856213695609
159,33.7892895457792
160,33.8888716579077
161,33.9843381976177
162,34.075660876113
163,34.162812632513
164,34.2457676418715
165,34.3245013228288
166,34.3989903448962
167,34.4692126353686
168,34.5351473858661
169,34.5967750584989
170,34.6540773916577
171,34.7070374054245
172,34.7556394066041
173,34.7998689933749
174,34.8397130595555
175,34.8751597984893
176,34.9061987065427
177,34.9328205862171
178,34.9550175488752
179,34.9727830170779
180,34.9861117265335
181,34.9949997276577
182,34.999444386744
183,34.999444386744
184,34.9949997276577
185,34.9861117265335
186,34.9727830170779
187,34.9550175488752
188,34.9328205862171
189,34.9061987065427
190,34.8751597984893
191,34.8397130595555
192,34.7998689933749
193,34.7556394066041
194,34.7070374054245
195,34.6540773916577
196,34.5967750584989
197,34.5351473858661
198,34.4692126353686
199,34.3989903448962
200,34.3245013228288
201,34.2457676418715
202,34.162812632513
203,34.075660876113
204,33.9843381976177
205,33.8888716579077
206,33.7892895457792
207,33.6856213695609
208,33.577897848371
209,33.4661509030135
210,33.3504136465202
211,33.2307203743378
212,33.1071065541662
213,32.9796088154481
214,32.8482649385151
215,32.7131138433925
216,32.5741955782666
217,32.4315513076176
218,32.2852233000212
219,32.1352549156242
220,31.9816905932955
221,31.8245758374579
222,31.6639572046044
223,31.4998822895024
224,31.3323997110902
225,31.1615590980704
226,30.9874110742037
227,30.8100072433079
228,30.6294001739669
229,30.4456433839531
230,30.2587913243692
231,30.068899363513
232,29.8760237704707
233,29.6802216984432
234,29.4815511678102
235,29.2800710489376
236,29.0758410447327
237,28.8689216729537
238,28.6593742482759
239,28.4472608641238
240,28.2326443742708
241,28.0155883742147
242,27.7961571823327
243,27.5744158208228
244,27.3504299964359
245,27.1242660810057
246,26.8959910917816
247,26.6656726715692
248,26.4333790686873
249,26.1991791167436
250,25.9631422142383
251,25.7253383039999
252,25.485837852459
253,25.2447118287684
254,25.0020316837728
255,24.7578693288366
256,24.512297114535
257,24.265387809215
258,24.0172145774326
259,23.7678509582723
260,23.5173708435562
261,23.265848455948
262,23.0133583269595
263,22.7599752748652
264,22.5057743825318
265,22.2508309751698
266,21.9952205980129
267,21.7390189939325
268,21.4823020809931
269,21.2251459299563
270,20.9676267417398
271,20.7098208248365
272,20.4518045727036
273,20.1936544411251
274,19.9354469255563
275,19.6772585384567
276,19.4191657866174
277,19.161245148491
278,18.9035730515288
279,18.6462258495344
280,18.3892798000376
281,18.1328110416982
282,17.8768955717444
283,17.621609223453
284,17.3670276436786
285,17.1132262704376
286,16.8602803105543
287,16.6082647173757
288,16.357254168561
289,16.107323043953
290,15.858545403538
291,15.6109949654998
292,15.3647450843758
293,15.1198687293203
294,14.8764384624822
295,14.6345264175031
296,14.394204278143
297,14.1555432570382
298,13.9186140746001
299,13.6834869380587
300,13.4502315206591
301,13.2189169410154
302,12.98961174263
303,12.7623838735817
304,12.5373006663923
305,12.3144288180736
306,12.0938343703644
307,11.8755826901603
308,11.6597384501443
309,11.4463656096232
310,11.2355273955745
311,11.0272862839113
312,10.8217039809691
313,10.6188414052213
314,10.4187586692271
315,10.2215150618193
316,10.0271690305357
317,9.83577816429967
318,9.64739917635543
319,9.46208788746265
320,9.27989920935559
321,9.10088712847151
322,8.92510468995341
323,8.75260398193147
324,8.58343612008838
325,8.41765123251254
326,8.25529844484406
327,8.09642586571779
328,7.94108057250768
329,7.78930859737674
330,7.64115491363669
331,7.49666342242145
332,7.35587693967826
333,7.21883718348036
334,7.08558476166509
335,6.95615915980084
336,6.83059872948668
337,6.70894067698793
338,6.59122105221115
339,6.47747473802174
340,6.36773543990746
341,6.26203567599069
342,6.16040676739269
343,6.06287882895239
344,5.96948076030278
345,5.8802402373073
346,5.79518370385887
347,5.71433636404404
348,5.63772217467441
349,5.56536383818777
350,5.49728279592084
351,5.43349922175574
352,5.37403201614208
353,5.31889880049627
354,5.26811591197999
355,5.22169839865909
356,5.17966001504454
357,5.14201321801666
358,5.1087691631339
359,5.07993770132718
360,5.05552737598088
361,5.03554542040122
362,5.01999775567286
363,5.00888898890443
364,5.00222241186326
365,5
